﻿<?xml version="1.0" encoding="UTF-8"?>
<CommandInterface xmlns="http://v8.1c.ru/8.3/xcf/extrnprops" xmlns:xr="http://v8.1c.ru/8.3/xcf/readable" xmlns:xs="http://www.w3.org/2001/XMLSchema" xmlns:xsi="http://www.w3.org/2001/XMLSchema-instance" version="2.16">
	<CommandsVisibility>
		<Command name="InformationRegister.ИсторияПриемов.StandardCommand.OpenList">
			<Visibility>
				<xr:Common>true</xr:Common>
			</Visibility>
		</Command>
		<Command name="AccumulationRegister.ОстаткиМатериалов.StandardCommand.OpenList">
			<Visibility>
				<xr:Common>true</xr:Common>
			</Visibility>
		</Command>
		<Command name="Catalog.ХарактеристикиНоменклатуры.StandardCommand.OpenList">
			<Visibility>
				<xr:Common>true</xr:Common>
				<xr:Value name="Role.Врач">false</xr:Value>
				<xr:Value name="Role.Регистратура">false</xr:Value>
				<xr:Value name="Role.Бухгалтерия">false</xr:Value>
			</Visibility>
		</Command>
		<Command name="Catalog.Файлы.StandardCommand.OpenList">
			<Visibility>
				<xr:Common>false</xr:Common>
			</Visibility>
		</Command>
	</CommandsVisibility>
</CommandInterface>