﻿<?xml version="1.0" encoding="UTF-8"?>
<ConfigDumpInfo xmlns="http://v8.1c.ru/8.3/xcf/dumpinfo" xmlns:xen="http://v8.1c.ru/8.3/xcf/enums" xmlns:xs="http://www.w3.org/2001/XMLSchema" xmlns:xsi="http://www.w3.org/2001/XMLSchema-instance" format="Hierarchical" version="2.16">
	<ConfigVersions>
		<Metadata name="AccumulationRegister.ОстаткиМатериалов" id="1b85983f-bcd5-47a2-9f6b-0391fa5cd477" configVersion="ef2976be21ee564c941deb21e0d2baa300000000">
			<Metadata name="AccumulationRegister.ОстаткиМатериалов.Dimension.Материал" id="99a26412-2fcd-4af1-a282-10854447015b"/>
			<Metadata name="AccumulationRegister.ОстаткиМатериалов.Resource.Цена" id="a0d5d822-0286-4f1d-ac04-dc98296b31a3"/>
			<Metadata name="AccumulationRegister.ОстаткиМатериалов.Resource.Количество" id="bd0fa511-44bb-4502-9d52-1bf82126bbcd"/>
		</Metadata>
		<Metadata name="Catalog.Адрес" id="d9009037-5748-4f1d-a411-8c44564c161b" configVersion="430209daa20fe24f9831d86f4f62f13900000000">
			<Metadata name="Catalog.Адрес.TabularSection.ИнформацияОМестеположении.Attribute.Город" id="71e0b443-4616-477d-acc1-d330eaaabe7e"/>
			<Metadata name="Catalog.Адрес.TabularSection.ИнформацияОМестеположении.Attribute.Улица" id="a023ceff-aecd-4ef9-9cc2-7118414a0740"/>
			<Metadata name="Catalog.Адрес.TabularSection.ИнформацияОМестеположении" id="b9f9057e-4f16-44ae-927b-aed0d3b9c598"/>
			<Metadata name="Catalog.Адрес.TabularSection.ИнформацияОМестеположении.Attribute.Дом" id="c5363c99-b53b-4e8a-9d45-332c99ddce71"/>
			<Metadata name="Catalog.Адрес.TabularSection.ИнформацияОМестеположении.Attribute.Страна" id="dd39c788-11f0-400e-af58-a3127a2d8540"/>
		</Metadata>
		<Metadata name="Catalog.Анализы" id="2b751551-348b-46c5-831b-9f3e1f1518ac" configVersion="b9c4c655768db845bd5e1e4980ca9b7900000000">
			<Metadata name="Catalog.Анализы.Attribute.Норма" id="b3ea4f8e-42e1-486e-b132-14a83e1017c7"/>
		</Metadata>
		<Metadata name="Catalog.Врачи" id="e356360e-9aa8-4958-acd5-480295c997b7" configVersion="217feddef349b942a77979367b03006000000000">
			<Metadata name="Catalog.Врачи.Attribute.Картинка" id="1a2bb028-266d-46ad-ad21-cde1478def51"/>
			<Metadata name="Catalog.Врачи.TabularSection.Образование.Attribute.УчебноеЗаведение" id="39d6d1fd-4760-4cf5-8965-b757d52da8a8"/>
			<Metadata name="Catalog.Врачи.Attribute.Специализация" id="8fb50192-2b9a-4d4b-a823-68ca7966140f"/>
			<Metadata name="Catalog.Врачи.Attribute.СтажРаботы" id="91101a31-2060-4346-854c-2a80dcedb1c1"/>
			<Metadata name="Catalog.Врачи.TabularSection.Образование" id="96cb5036-67ed-4907-ab12-eac3f8269e78"/>
			<Metadata name="Catalog.Врачи.Attribute.Адрес" id="9f0c11ce-b4d7-437b-a94f-71a548984ebc"/>
			<Metadata name="Catalog.Врачи.Attribute.ДатаРождения" id="a07bd2b3-0bcf-4fbb-9f52-7d1fd424e42a"/>
			<Metadata name="Catalog.Врачи.Attribute.Пол" id="acd018e1-401a-44db-896c-7016ed62813f"/>
			<Metadata name="Catalog.Врачи.Attribute.НомерТелефона" id="ad9b35b8-c27b-4a26-b451-a6be6d5b65aa"/>
			<Metadata name="Catalog.Врачи.TabularSection.Образование.Attribute.ГодВыпуска" id="b974d76e-ae04-4adc-934a-12a56a59a408"/>
			<Metadata name="Catalog.Врачи.TabularSection.Образование.Attribute.Специальность" id="d4212fd4-cd0d-40d9-9361-3cbcea984fba"/>
			<Metadata name="Catalog.Врачи.Attribute.НомерТрудДог" id="e7a010b6-b86d-428d-867d-f42c64eab9f7"/>
		</Metadata>
		<Metadata name="Catalog.Врачи.Form.ФормаЭлемента" id="7ca17d09-65a3-4ca5-b40a-440fb0bef68d" configVersion="90229ce0c2630a4da97beafbfb671d3b00000000"/>
		<Metadata name="Catalog.Врачи.Form.ФормаЭлемента.Form" id="7ca17d09-65a3-4ca5-b40a-440fb0bef68d.0" configVersion="380dbd764242b84799bdb9ac5911f4fe00000000"/>
		<Metadata name="Catalog.ГорячаяЛиния" id="4d5891ea-8699-4719-8c34-7e455ae18932" configVersion="2db1d4918e2706488c4d10f7a2972e6e00000000"/>
		<Metadata name="Catalog.ДействующиеВещества" id="0bfc02c0-3878-4c87-9700-51a645fdb212" configVersion="242416d64d066747a11322f2c52795b200000000"/>
		<Metadata name="Catalog.ДействующиеВещества.Help" id="0bfc02c0-3878-4c87-9700-51a645fdb212.1" configVersion="36a249726835d540b1e28c6deabc6db400000000"/>
		<Metadata name="Catalog.ДействующиеВещества.ManagerModule" id="0bfc02c0-3878-4c87-9700-51a645fdb212.3" configVersion="82681a5281cc7d4288bd1f3aa1a90f0400000000"/>
		<Metadata name="Catalog.ДействующиеВещества.ObjectModule" id="0bfc02c0-3878-4c87-9700-51a645fdb212.0" configVersion="dce1c4ec56c01045aa54752042dd613700000000"/>
		<Metadata name="Catalog.ДействующиеВещества.Predefined" id="0bfc02c0-3878-4c87-9700-51a645fdb212.1c" configVersion="951a61afcf65b24d9997ec6db42c860b00000000"/>
		<Metadata name="Catalog.Диагнозы" id="3fb5a1b1-dc77-4761-b02f-48ba037f056e" configVersion="722b15a4fc00b448a3b0aa6aef966bb000000000"/>
		<Metadata name="Catalog.ЗначенияСвойств" id="53bea335-a837-446f-b0b3-c72b781e5f21" configVersion="81f30f05215efb43a0aac3f3eb45f4e900000000"/>
		<Metadata name="Catalog.ЗначенияСвойств.Help" id="53bea335-a837-446f-b0b3-c72b781e5f21.1" configVersion="38d23437d4438d469945f6ecd4aab5b200000000"/>
		<Metadata name="Catalog.ЗначенияСвойств.ManagerModule" id="53bea335-a837-446f-b0b3-c72b781e5f21.3" configVersion="dbd334f192a11f45a5d773fdb6051f4f00000000"/>
		<Metadata name="Catalog.ЗначенияСвойств.ObjectModule" id="53bea335-a837-446f-b0b3-c72b781e5f21.0" configVersion="964997c5970ae545a3310480c61a1d7800000000"/>
		<Metadata name="Catalog.ЗначенияСвойств.Predefined" id="53bea335-a837-446f-b0b3-c72b781e5f21.1c" configVersion="53c336103c4642449a47311d15db83c400000000"/>
		<Metadata name="Catalog.Кабинеты" id="54eb7306-490a-45c6-a080-edcb5a619f94" configVersion="d864ba18cab9a14dba6581c0d118757d00000000"/>
		<Metadata name="Catalog.Кабинеты.Help" id="54eb7306-490a-45c6-a080-edcb5a619f94.1" configVersion="fb3486cc0646d54aafcfa40f90b8bef500000000"/>
		<Metadata name="Catalog.Кабинеты.ManagerModule" id="54eb7306-490a-45c6-a080-edcb5a619f94.3" configVersion="c1d29de7a53a8743afc385acb19125e400000000"/>
		<Metadata name="Catalog.Кабинеты.ObjectModule" id="54eb7306-490a-45c6-a080-edcb5a619f94.0" configVersion="8fdac67e15d1c041a49271430f94c70100000000"/>
		<Metadata name="Catalog.Кабинеты.Predefined" id="54eb7306-490a-45c6-a080-edcb5a619f94.1c" configVersion="cd0ced0f1e450645865092f0ca3f131e00000000"/>
		<Metadata name="Catalog.Контрагенты" id="7b336d64-33d1-4942-b283-6141d7a7d5a6" configVersion="8ccfa628f6a0324e9f4a4f8e01764f6700000000">
			<Metadata name="Catalog.Контрагенты.Attribute.ПолноеНаименование" id="23d7a4eb-65b2-474e-adcd-97d683a9fb54"/>
			<Metadata name="Catalog.Контрагенты.Attribute.КонтактноеЛицо" id="a8ea6778-ad5c-484e-b2ce-6f5993551f9a"/>
			<Metadata name="Catalog.Контрагенты.Attribute.Адрес" id="ab3050bf-27e8-47cd-bb90-01c3f755534c"/>
			<Metadata name="Catalog.Контрагенты.Attribute.ТелефонКонтактногоЛица" id="c749b4fe-5b28-415e-aeeb-4dc0f3a1f0fd"/>
		</Metadata>
		<Metadata name="Catalog.Контрагенты.Form.ФормаСписка" id="e7685c84-b6a6-4877-8fac-2743d4be804f" configVersion="39136f9c38c5d04a80f1bf69bdda56b400000000"/>
		<Metadata name="Catalog.Контрагенты.Form.ФормаСписка.Form" id="e7685c84-b6a6-4877-8fac-2743d4be804f.0" configVersion="b70184de6b307a42b6050755bbfadbb100000000"/>
		<Metadata name="Catalog.Контрагенты.Form.ФормаЭлемента" id="2f893f5b-d5a5-48ff-b667-7d9f936665c1" configVersion="53fa0919bb001a4da73f3c824599248600000000"/>
		<Metadata name="Catalog.Контрагенты.Form.ФормаЭлемента.Form" id="2f893f5b-d5a5-48ff-b667-7d9f936665c1.0" configVersion="c1ef2a5c3b7a044fabd9adca4b0357c200000000"/>
		<Metadata name="Catalog.Материалы" id="92292b8f-1355-46c8-bf78-945effd5d8fa" configVersion="7a6829d63003464e9c4f0e34903662b600000000"/>
		<Metadata name="Catalog.МедКарты" id="a97d2cf7-5bbe-4c89-9693-15f50fafecdd" configVersion="dc29a8e9a42b1848ab919d001abd948400000000">
			<Metadata name="Catalog.МедКарты.TabularSection.Прием" id="336efa35-7b27-4904-8d05-88fc72269acd"/>
			<Metadata name="Catalog.МедКарты.Attribute.Снилс" id="3f90addb-c8a4-4d6a-a83d-ffaf7f49f7d3"/>
			<Metadata name="Catalog.МедКарты.Attribute.Пол" id="416da9c9-5872-4c6d-afeb-9f78313126da"/>
			<Metadata name="Catalog.МедКарты.Attribute.АдресПроживания" id="60bcc6d1-2988-4823-a951-26a5f4249e3b"/>
			<Metadata name="Catalog.МедКарты.Attribute.КонтактныеДанные" id="86d0b037-5a4d-44ef-992b-54fc12a94ed4"/>
			<Metadata name="Catalog.МедКарты.Attribute.ДатаОкончанияПолиса" id="86d0c0b8-a17e-497e-aaf2-75bdfa43e5b5"/>
			<Metadata name="Catalog.МедКарты.Attribute.СтраховаяКомпания" id="8da44469-3de5-43eb-b041-a2bc4f36934c"/>
			<Metadata name="Catalog.МедКарты.Attribute.ДатаРождения" id="978bc47b-bef0-4f81-a722-b5f354890f9d"/>
			<Metadata name="Catalog.МедКарты.TabularSection.Прием.Attribute.Прием" id="98de5143-1783-484f-8e90-e251ac81580a"/>
			<Metadata name="Catalog.МедКарты.Attribute.НомерПолиса" id="be4441a2-a5da-4e7e-8f7d-51cae386d4fb"/>
			<Metadata name="Catalog.МедКарты.TabularSection.Прием.Attribute.Дата" id="e79c49a6-e5d9-40e9-ad2b-84df0be54c25"/>
		</Metadata>
		<Metadata name="Catalog.МедКарты.Form.ФормаЭлемента" id="889fd95f-8c62-4743-a311-19ed373ebd54" configVersion="e5a2b0e8b7a0a540905e5fa314a447c700000000"/>
		<Metadata name="Catalog.МедКарты.Form.ФормаЭлемента.Form" id="889fd95f-8c62-4743-a311-19ed373ebd54.0" configVersion="0a194e38b79698419f062c34e7dfc73100000000"/>
		<Metadata name="Catalog.ПредставителиКонтрагентов" id="af0a540e-37e1-4e76-a822-320fb2e7ba9e" configVersion="d9809f8448b01e42b19016c66c2af0f100000000">
			<Metadata name="Catalog.ПредставителиКонтрагентов.Attribute.КонтактныеСведения" id="0dc4541d-ce24-476d-befe-548715953b55"/>
			<Metadata name="Catalog.ПредставителиКонтрагентов.Attribute.Работает" id="bb45658f-fa0c-49d7-84ca-a3c17b457a46"/>
		</Metadata>
		<Metadata name="Catalog.Препараты" id="da8f6281-4933-4ec4-b16d-ca473187b690" configVersion="26a005fec5e0fb489cccc50548491ab900000000"/>
		<Metadata name="Catalog.Склады" id="34de73ff-49a3-46a9-851a-7f428fc0cfac" configVersion="09f877df7a478b4bb1d727b761fa06fc00000000">
			<Metadata name="Catalog.Склады.TabularSection.ИнформацияОМестеположении.Attribute.Страна" id="3669945b-8124-4e0d-9d9a-5337cc8f150a"/>
			<Metadata name="Catalog.Склады.TabularSection.ИнформацияОМестеположении.Attribute.Дом" id="4f0c8e91-762c-420d-ab61-f8a0f1096029"/>
			<Metadata name="Catalog.Склады.TabularSection.ИнформацияОМестеположении.Attribute.Улица" id="749b9a1d-c644-4dfc-b1f2-308ee354208e"/>
			<Metadata name="Catalog.Склады.TabularSection.ИнформацияОМестеположении" id="7cc0367b-668e-45c8-a4a8-d241767a29e3"/>
			<Metadata name="Catalog.Склады.TabularSection.ИнформацияОМестеположении.Attribute.Город" id="86d45cbc-ac57-4778-95a6-8f4cf20a1e83"/>
		</Metadata>
		<Metadata name="Catalog.Специализации" id="191d15e3-58cc-4f1b-aab8-46531d746faf" configVersion="9bc605ae5a9b544cb6da546917f3a87500000000"/>
		<Metadata name="Catalog.Услуги" id="738bbd2b-9fbc-44c4-9fa7-f3d537cb5e30" configVersion="01c6b54adf967a4ea278172c87b640b300000000"/>
		<Metadata name="Catalog.Услуги.Form.ФормаЭлемента" id="4fd55dbb-1907-464f-9879-69757044a756" configVersion="c25afc2c3d4fe149b55d114766f5c44500000000"/>
		<Metadata name="Catalog.Услуги.Form.ФормаЭлемента.Form" id="4fd55dbb-1907-464f-9879-69757044a756.0" configVersion="5d0de3a95aba1e46b211b72c0c888c6f00000000"/>
		<Metadata name="Catalog.Файлы" id="f70511f4-af9c-4d43-b1ad-685addd6d737" configVersion="8044950b6dadf741a5980e7db79e963b00000000">
			<Metadata name="Catalog.Файлы.Attribute.Файл" id="6ec66e41-a99e-493c-b4f0-6102e24d57f0"/>
		</Metadata>
		<Metadata name="Catalog.ХарактеристикиНоменклатуры" id="f340e250-a267-47dc-bddb-bfdd6d8861fd" configVersion="7b5f56297b6473448c15a6594410307500000000">
			<Metadata name="Catalog.ХарактеристикиНоменклатуры.TabularSection.ДополнительныеРеквизиты" id="07f89f09-2f7b-45d1-9dca-129e9e87dcb8"/>
			<Metadata name="Catalog.ХарактеристикиНоменклатуры.TabularSection.ДополнительныеРеквизиты.Attribute.Характеристика" id="7a4335b7-2c95-42af-81ae-d7ed64feeaab"/>
			<Metadata name="Catalog.ХарактеристикиНоменклатуры.TabularSection.ДополнительныеРеквизиты.Attribute.Свойство" id="94f562f7-4969-4c17-a996-896d79846933"/>
		</Metadata>
		<Metadata name="Catalog.ХарактеристикиНоменклатуры.Form.ФормаСписка" id="4fa3e8ae-6982-4250-bedc-2654fb307338" configVersion="4c28628291be0f48b2060048f62991d900000000"/>
		<Metadata name="Catalog.ХарактеристикиНоменклатуры.Form.ФормаСписка.Form" id="4fa3e8ae-6982-4250-bedc-2654fb307338.0" configVersion="823d047778434843875e3f7a941d7a2500000000"/>
		<Metadata name="Catalog.ХарактеристикиНоменклатуры.Form.ФормаСписка.Help" id="4fa3e8ae-6982-4250-bedc-2654fb307338.1" configVersion="02de5f568efb244abe5d3e92fc43bc4500000000"/>
		<Metadata name="Catalog.ХарактеристикиНоменклатуры.Form.ФормаЭлемента" id="a46332a4-27f0-422e-bfdd-639a5bfd5c02" configVersion="1a46b323fe189a41985a44af3e60e7f600000000"/>
		<Metadata name="Catalog.ХарактеристикиНоменклатуры.Form.ФормаЭлемента.Form" id="a46332a4-27f0-422e-bfdd-639a5bfd5c02.0" configVersion="9bf54b356e956b4080fb8b1f8557976500000000"/>
		<Metadata name="Catalog.ХарактеристикиНоменклатуры.Form.ФормаЭлемента.Help" id="a46332a4-27f0-422e-bfdd-639a5bfd5c02.1" configVersion="72b43ec32f3cf247bcbbe587e93a4bc400000000"/>
		<Metadata name="Catalog.ХарактеристикиНоменклатуры.Help" id="f340e250-a267-47dc-bddb-bfdd6d8861fd.1" configVersion="500f2d5ea5ded646936e15fe2e42b2b000000000"/>
		<Metadata name="Catalog.ХарактеристикиНоменклатуры.ManagerModule" id="f340e250-a267-47dc-bddb-bfdd6d8861fd.3" configVersion="7acb1d62825d65458b30ac475a8f540a00000000"/>
		<Metadata name="Catalog.ХарактеристикиНоменклатуры.ObjectModule" id="f340e250-a267-47dc-bddb-bfdd6d8861fd.0" configVersion="809c970748e9f14cb992ef8b592c298300000000"/>
		<Metadata name="Catalog.ХарактеристикиНоменклатуры.Predefined" id="f340e250-a267-47dc-bddb-bfdd6d8861fd.1c" configVersion="37fe55bd7fbfda41a2b7e5ec38c485b800000000"/>
		<Metadata name="ChartOfCharacteristicTypes.ДополнительныеСвойства" id="10ca094d-599a-49cc-a366-15f9d5346e23" configVersion="fd37c3ce05df5943810624d8273b57b500000000"/>
		<Metadata name="ChartOfCharacteristicTypes.ДополнительныеСвойства.Help" id="10ca094d-599a-49cc-a366-15f9d5346e23.5" configVersion="a35240f697598f418c2d7557e80014bd00000000"/>
		<Metadata name="ChartOfCharacteristicTypes.ДополнительныеСвойства.ManagerModule" id="10ca094d-599a-49cc-a366-15f9d5346e23.16" configVersion="48682c1464b7d14c826f3f4d7007bf7f00000000"/>
		<Metadata name="ChartOfCharacteristicTypes.ДополнительныеСвойства.ObjectModule" id="10ca094d-599a-49cc-a366-15f9d5346e23.15" configVersion="65dccbb5f5d0934ea83a9bc7f4fdc88600000000"/>
		<Metadata name="ChartOfCharacteristicTypes.ДополнительныеСвойства.Predefined" id="10ca094d-599a-49cc-a366-15f9d5346e23.7" configVersion="bcc3efd05701844e8564d331d27da11f00000000"/>
		<Metadata name="CommonAttribute.Комментарий" id="e4c7fbf2-0359-46c7-b9f4-41153c15e25f" configVersion="889992ce2ba90942985013289f2c953500000000"/>
		<Metadata name="CommonModule.Автопересчет" id="bec403ab-b814-4d37-8e07-5dba39681f12" configVersion="e8d88a09ee09694ca2582cbe58e4741200000000"/>
		<Metadata name="CommonModule.Автопересчет.Module" id="bec403ab-b814-4d37-8e07-5dba39681f12.0" configVersion="7f3fcea674b5f54f8f6169bd34681e8e00000000"/>
		<Metadata name="CommonModule.СерверныеФункции" id="0b352974-fb38-47e4-bebe-3638935beffb" configVersion="835dcf866dc4104f8f0c0c518a79450b00000000"/>
		<Metadata name="CommonModule.СерверныеФункции.Module" id="0b352974-fb38-47e4-bebe-3638935beffb.0" configVersion="c1aaae0e6c13bc4fb8b986e39b99bde300000000"/>
		<Metadata name="CommonPicture.ОбщаяКартинка1" id="2d7fc3d9-e2b4-42e3-b338-48610270557b" configVersion="fb247fc3222e934d9f39077e0561988900000000"/>
		<Metadata name="CommonPicture.ОбщаяКартинка1.Picture" id="2d7fc3d9-e2b4-42e3-b338-48610270557b.0" configVersion="422c39b15c0bb348a5c6ae5a2635f1d800000000"/>
		<Metadata name="CommonPicture.ОбщаяКартинка2" id="e97c1829-0972-4955-a1db-a2999e819c53" configVersion="24ab06939cfd374f8f542743de6965ba00000000"/>
		<Metadata name="CommonPicture.ОбщаяКартинка2.Picture" id="e97c1829-0972-4955-a1db-a2999e819c53.0" configVersion="53bddef733931540a7a1b60e28ab4d0900000000"/>
		<Metadata name="CommonPicture.ОбщаяКартинка3" id="539e9e26-ab60-424f-9aaf-abb810497c2d" configVersion="c3779ff24307694182a97bce7e7ba21c00000000"/>
		<Metadata name="CommonPicture.ОбщаяКартинка3.Picture" id="539e9e26-ab60-424f-9aaf-abb810497c2d.0" configVersion="c996046e1adfb74b8b517b3f681378f900000000"/>
		<Metadata name="CommonPicture.ОбщаяКартинка4" id="e50bb2e4-a93c-4e74-8653-d488d11fac5e" configVersion="551cb1ffad77bd4f9333066ce4d0cfe600000000"/>
		<Metadata name="CommonPicture.ОбщаяКартинка4.Picture" id="e50bb2e4-a93c-4e74-8653-d488d11fac5e.0" configVersion="294c5d289ce4f445a8efb417e585541800000000"/>
		<Metadata name="CommonPicture.ОбщаяКартинка5" id="c0af6017-6c74-4f18-8257-0360a53f0217" configVersion="dffa657878ca2f4a9ea15b9643d57bb800000000"/>
		<Metadata name="CommonPicture.ОбщаяКартинка5.Picture" id="c0af6017-6c74-4f18-8257-0360a53f0217.0" configVersion="9db93024d50b4a46a0ee8b1ce3d032c300000000"/>
		<Metadata name="CommonPicture.ОбщаяКартинка6" id="2ff7e81c-184a-4b4b-9652-088c7a6cac03" configVersion="039e5a854d58504fa3012123b5008dde00000000"/>
		<Metadata name="CommonPicture.ОбщаяКартинка6.Picture" id="2ff7e81c-184a-4b4b-9652-088c7a6cac03.0" configVersion="a7c2c70a311fa94eaf35ce468196be0700000000"/>
		<Metadata name="Configuration.Стоматология" id="5835742e-2038-4c41-9df8-0a12c9fcc048" configVersion="316c4aa61b76eb418f1734f16ff08db500000000"/>
		<Metadata name="Configuration.Стоматология.ClientApplicationInterface" id="26f550f4-2a3c-4c9c-bc56-3555d63ab4d3.b" configVersion="988afda9a1410e4e8ca71c3f02ad357100000000"/>
		<Metadata name="Configuration.Стоматология.CommandInterface" id="26f550f4-2a3c-4c9c-bc56-3555d63ab4d3.a" configVersion="395337adb6b34a48b97df082d54082a300000000"/>
		<Metadata name="Configuration.Стоматология.HomePageWorkArea" id="26f550f4-2a3c-4c9c-bc56-3555d63ab4d3.8" configVersion="7123070003dfbc48beac6654ee89401900000000"/>
		<Metadata name="Configuration.Стоматология.ManagedApplicationModule" id="26f550f4-2a3c-4c9c-bc56-3555d63ab4d3.6" configVersion="80ca9054c45103449d29b38477ac4e6100000000"/>
		<Metadata name="Constant.ТекстСообщения" id="ed403e90-ba4d-4a29-8978-1ed5f30bc725" configVersion="ef47f00b32e32f4da617136576c1bb5100000000"/>
		<Metadata name="Document.ГрафикРаботы" id="1a180ce2-eddb-4f68-be86-e361a761a966" configVersion="83bf988330444a499869b8d8b2bb1b3600000000">
			<Metadata name="Document.ГрафикРаботы.TabularSection.Расписание.Attribute.ВремяНачала" id="0268c4d4-3637-41cf-b408-e4e6ba0c0d69"/>
			<Metadata name="Document.ГрафикРаботы.TabularSection.Расписание.Attribute.ВидРаботы" id="123fe275-739e-4a6e-949c-883a789f62ec"/>
			<Metadata name="Document.ГрафикРаботы.TabularSection.Расписание.Attribute.КонецПерерыва" id="20f786b6-7b6e-456c-9e57-5200274a5e9c"/>
			<Metadata name="Document.ГрафикРаботы.Attribute.Врач" id="216ecd38-de56-42e4-a40a-8ede578e25d7"/>
			<Metadata name="Document.ГрафикРаботы.TabularSection.Расписание.Attribute.НачалоПерерыва" id="34c6a355-e845-44e2-98c2-22dae8f040c7"/>
			<Metadata name="Document.ГрафикРаботы.TabularSection.Расписание.Attribute.ВыходныеДни" id="47526e3d-0d7b-487d-a3fb-70ff0951b537"/>
			<Metadata name="Document.ГрафикРаботы.TabularSection.Расписание.Attribute.ДеньНедели" id="749e5f6e-99b4-4d41-bbaf-a4f506888f8e"/>
			<Metadata name="Document.ГрафикРаботы.TabularSection.Расписание.Attribute.Кабинет" id="7707ddd0-b47d-4a8e-8e06-5dc32e07e72a"/>
			<Metadata name="Document.ГрафикРаботы.TabularSection.Расписание.Attribute.ВремяОкончания" id="a81b8acd-66e7-425b-b81b-5a1389095339"/>
			<Metadata name="Document.ГрафикРаботы.Command.Печать" id="aa6e83db-603d-4004-938a-fab188fcc8d2"/>
			<Metadata name="Document.ГрафикРаботы.TabularSection.Расписание" id="e26b8296-acc6-4dbd-85fe-6bbfdd341f05"/>
		</Metadata>
		<Metadata name="Document.ГрафикРаботы.Command.Печать.CommandModule" id="aa6e83db-603d-4004-938a-fab188fcc8d2.2" configVersion="1c3eaee8af70d541867f9dba434177c900000000"/>
		<Metadata name="Document.ГрафикРаботы.Form.ФормаДокумента" id="e741f763-86c3-449b-ba7f-30d9274050fa" configVersion="5b15d0b644851940b3d4e75002f82d6600000000"/>
		<Metadata name="Document.ГрафикРаботы.Form.ФормаДокумента.Form" id="e741f763-86c3-449b-ba7f-30d9274050fa.0" configVersion="fa1ae497d7b9df45a8b01f132f48c06300000000"/>
		<Metadata name="Document.ГрафикРаботы.ManagerModule" id="1a180ce2-eddb-4f68-be86-e361a761a966.2" configVersion="56494de4f93da946871bbb3bc01ccc8000000000"/>
		<Metadata name="Document.ГрафикРаботы.Template.Печать" id="8b130660-aaf0-498c-b5e9-bacdb0864dff" configVersion="c0989e9f2af9c444ae2bbe5a2f3e769000000000"/>
		<Metadata name="Document.ГрафикРаботы.Template.Печать.Template" id="8b130660-aaf0-498c-b5e9-bacdb0864dff.0" configVersion="a7065aeca4f5bf4d9bdbd970afebd4d800000000"/>
		<Metadata name="Document.ЗаписьНаПрием" id="5020a974-c195-4a41-a902-82a8f6d82bd5" configVersion="72ba0ef60eedfa40a805f2732fe38bbd00000000">
			<Metadata name="Document.ЗаписьНаПрием.TabularSection.Услуги.Attribute.Стоимость" id="0646c7d9-34c0-4adc-ad02-5ea843d20449"/>
			<Metadata name="Document.ЗаписьНаПрием.Attribute.Статус" id="24e90ed8-969f-412e-98c9-f4ea7feeb544"/>
			<Metadata name="Document.ЗаписьНаПрием.TabularSection.Услуги" id="2688518c-f4bd-475e-8586-a44ad5d7d14c"/>
			<Metadata name="Document.ЗаписьНаПрием.Attribute.Вид" id="4cd779a5-a5b7-4921-adcf-821d3b6943a8"/>
			<Metadata name="Document.ЗаписьНаПрием.Attribute.Специализация" id="512d3a22-5b6c-403d-bd90-8498741eb7e5"/>
			<Metadata name="Document.ЗаписьНаПрием.Attribute.Врач" id="66bbd933-fa7d-44b2-b43b-fb89b1f1170a"/>
			<Metadata name="Document.ЗаписьНаПрием.Attribute.Кабинет" id="82fbd8c2-52fc-4537-b151-0fa3e020b62c"/>
			<Metadata name="Document.ЗаписьНаПрием.Attribute.Пациент" id="9fb1c4b5-a407-49de-bfdd-52d74ff335ec"/>
			<Metadata name="Document.ЗаписьНаПрием.TabularSection.Услуги.Attribute.Услуга" id="a83825c4-35ca-4b30-8f9c-7e4fd65d6202"/>
			<Metadata name="Document.ЗаписьНаПрием.TabularSection.Услуги.Attribute.СпособОплаты" id="ae43b7fb-86c3-4c0f-92c2-1f428b8dcb5d"/>
			<Metadata name="Document.ЗаписьНаПрием.Attribute.ДатаПриема" id="d8e48766-21ba-4a74-8d7c-f08c0d2917d8"/>
			<Metadata name="Document.ЗаписьНаПрием.Attribute.Жалобы" id="e253630c-d220-4109-b778-37d02db799db"/>
			<Metadata name="Document.ЗаписьНаПрием.Command.Печать" id="f4afcc40-6314-4567-b18b-ae99f034a4b2"/>
		</Metadata>
		<Metadata name="Document.ЗаписьНаПрием.Command.Печать.CommandModule" id="f4afcc40-6314-4567-b18b-ae99f034a4b2.2" configVersion="5f9adf62cce47b498a3a5a33f721be9500000000"/>
		<Metadata name="Document.ЗаписьНаПрием.Form.ФормаДокумента" id="78e387fc-ff5a-45cf-87df-238b6de6c1f9" configVersion="902d4b91734c18489a073e7bc251273000000000"/>
		<Metadata name="Document.ЗаписьНаПрием.Form.ФормаДокумента.Form" id="78e387fc-ff5a-45cf-87df-238b6de6c1f9.0" configVersion="b14f75c00feb3a419061880cc5784f9800000000"/>
		<Metadata name="Document.ЗаписьНаПрием.ManagerModule" id="5020a974-c195-4a41-a902-82a8f6d82bd5.2" configVersion="3c42f0ad756ec946b1168d47e42eb77500000000"/>
		<Metadata name="Document.ЗаписьНаПрием.ObjectModule" id="5020a974-c195-4a41-a902-82a8f6d82bd5.0" configVersion="f11d240cf29efa4fb97b883fb41c27ce00000000"/>
		<Metadata name="Document.ЗаписьНаПрием.Template.Печать" id="006348e3-6d8c-4ab0-ab39-436d9ec884c2" configVersion="d8f4c8e38245604ab55801546d5985bf00000000"/>
		<Metadata name="Document.ЗаписьНаПрием.Template.Печать.Template" id="006348e3-6d8c-4ab0-ab39-436d9ec884c2.0" configVersion="08e7724b7cd9e74290100bf2b0cbb68d00000000"/>
		<Metadata name="Document.КвитанцияОбОплате" id="765fbb5e-caf0-4204-b6d4-ead8acbef338" configVersion="09a3a7a77998614ab46c39a2ff38247900000000">
			<Metadata name="Document.КвитанцияОбОплате.Attribute.Прием" id="1ae27009-07ad-4cee-adea-916e5512bd60"/>
			<Metadata name="Document.КвитанцияОбОплате.Attribute.СтатусОплаты" id="1fe4cca1-0cd4-4619-834c-542cb3c9fad3"/>
			<Metadata name="Document.КвитанцияОбОплате.Command.Печать" id="2ed160bb-afb9-40dc-a8a8-60bd25442a15"/>
			<Metadata name="Document.КвитанцияОбОплате.Attribute.Врач" id="421632b4-a44e-4423-a10d-382248d3805c"/>
			<Metadata name="Document.КвитанцияОбОплате.TabularSection.Оплата.Attribute.СтоимостьУслуги" id="60a941e3-28be-44cd-a7b9-5a706f192e0d"/>
			<Metadata name="Document.КвитанцияОбОплате.TabularSection.Оплата.Attribute.Цена" id="8898bc5c-efd7-4c5a-a30e-09b33190fb6d"/>
			<Metadata name="Document.КвитанцияОбОплате.Attribute.Пациент" id="8db170d8-f17b-4626-8e98-9e588c3b20f4"/>
			<Metadata name="Document.КвитанцияОбОплате.TabularSection.Оплата" id="9bd6a374-b67a-4230-a1a3-7ec81796570e"/>
			<Metadata name="Document.КвитанцияОбОплате.TabularSection.Оплата.Attribute.Услуга" id="c8b021c7-73a6-4134-bb85-233b969e3a51"/>
			<Metadata name="Document.КвитанцияОбОплате.TabularSection.Оплата.Attribute.СуммаКОплате" id="e139271d-0b14-4411-87ea-f29bbe4f4993"/>
			<Metadata name="Document.КвитанцияОбОплате.Attribute.СпособыОплаты" id="ffe7a353-f648-45c3-93eb-5c972023b595"/>
		</Metadata>
		<Metadata name="Document.КвитанцияОбОплате.Command.Печать.CommandModule" id="2ed160bb-afb9-40dc-a8a8-60bd25442a15.2" configVersion="0f25e9bc06df8a4e9c2e97dbef6376eb00000000"/>
		<Metadata name="Document.КвитанцияОбОплате.Form.ФормаДокумента" id="6af66bf1-02e0-447f-a5c8-cf7cdb491fed" configVersion="4219a891e2967b45aac95815039ccf5000000000"/>
		<Metadata name="Document.КвитанцияОбОплате.Form.ФормаДокумента.Form" id="6af66bf1-02e0-447f-a5c8-cf7cdb491fed.0" configVersion="2333e866e3b00745bc15bfade8d4fd5f00000000"/>
		<Metadata name="Document.КвитанцияОбОплате.ManagerModule" id="765fbb5e-caf0-4204-b6d4-ead8acbef338.2" configVersion="f736e67d3e60f748b52de2b30eb3a45d00000000"/>
		<Metadata name="Document.КвитанцияОбОплате.ObjectModule" id="765fbb5e-caf0-4204-b6d4-ead8acbef338.0" configVersion="175af89ab3dee146afe3c72905c350c800000000"/>
		<Metadata name="Document.КвитанцияОбОплате.Template.Печать" id="4beaf2c4-8e76-4243-8c25-0d92f04f685d" configVersion="f68731001f61be40881d37e326c0645e00000000"/>
		<Metadata name="Document.КвитанцияОбОплате.Template.Печать.Template" id="4beaf2c4-8e76-4243-8c25-0d92f04f685d.0" configVersion="0f3a004523b5c243956ce9adb683cbb200000000"/>
		<Metadata name="Document.ПлатныеУслуги" id="1d979d3c-4905-468d-8c32-b07646d3c39c" configVersion="bbffea4ecaebc44a810318a7804f400800000000">
			<Metadata name="Document.ПлатныеУслуги.Attribute.Врач" id="0c784a08-8ed1-414d-b0c7-28e2e8a11e9e"/>
			<Metadata name="Document.ПлатныеУслуги.TabularSection.Услуги" id="3576e198-4894-4985-b078-82dc898b8553"/>
			<Metadata name="Document.ПлатныеУслуги.TabularSection.Услуги.Attribute.Сумма" id="5e392e04-1b16-41cc-bd67-57d6c23d067b"/>
			<Metadata name="Document.ПлатныеУслуги.TabularSection.Услуги.Attribute.Количество" id="6dc1ba7f-7fdd-4049-ab80-a4921e6e148f"/>
			<Metadata name="Document.ПлатныеУслуги.TabularSection.Услуги.Attribute.Услуга" id="88f91b48-3d6f-4d24-a02f-c3b6801979c6"/>
			<Metadata name="Document.ПлатныеУслуги.Command.Печать" id="95fddd44-99f9-4d40-8a9f-ff766f9c7fff"/>
			<Metadata name="Document.ПлатныеУслуги.TabularSection.Услуги.Attribute.Цена" id="cff4b30d-c11d-4fde-af98-070913e3aa2f"/>
			<Metadata name="Document.ПлатныеУслуги.Attribute.Пациент" id="fc91fdfe-1dc1-4968-a5e3-d903364296f7"/>
		</Metadata>
		<Metadata name="Document.ПлатныеУслуги.Command.Печать.CommandModule" id="95fddd44-99f9-4d40-8a9f-ff766f9c7fff.2" configVersion="44af663bcc8f1243b9737d4a3c126a3400000000"/>
		<Metadata name="Document.ПлатныеУслуги.Form.ФормаДокумента" id="08b5f611-a2e8-49a4-9c94-76d614bd19c7" configVersion="8fa723381e3c3a4b894f1b631898ccaa00000000"/>
		<Metadata name="Document.ПлатныеУслуги.Form.ФормаДокумента.Form" id="08b5f611-a2e8-49a4-9c94-76d614bd19c7.0" configVersion="68797735fd9e1f4c9274dc69a3adb1d900000000"/>
		<Metadata name="Document.ПлатныеУслуги.ManagerModule" id="1d979d3c-4905-468d-8c32-b07646d3c39c.2" configVersion="328af04550ba1d488ae7d18aa236c69600000000"/>
		<Metadata name="Document.ПлатныеУслуги.ObjectModule" id="1d979d3c-4905-468d-8c32-b07646d3c39c.0" configVersion="1fe5e2b0e7821f4bb8ff15b1e6d340a500000000"/>
		<Metadata name="Document.ПлатныеУслуги.Template.Печать" id="5457de33-416c-4076-8d2e-81c8a53bfb5e" configVersion="c653a9ac7ae409449bc48797f893a9b000000000"/>
		<Metadata name="Document.ПлатныеУслуги.Template.Печать.Template" id="5457de33-416c-4076-8d2e-81c8a53bfb5e.0" configVersion="276cd942b312724e8b0fca72359e187c00000000"/>
		<Metadata name="Document.ПриемПациента" id="dbc69141-ee2c-4f9b-a0c9-b1588a1a2d53" configVersion="6707bb030bfec646868898a14a6fde6f00000000">
			<Metadata name="Document.ПриемПациента.Attribute.Анамнез" id="102243b5-2bd3-4274-9748-ad7ec116c143"/>
			<Metadata name="Document.ПриемПациента.TabularSection.Анализы.Attribute.Результат" id="1ef81592-5338-4d67-bc11-ee43605db6ef"/>
			<Metadata name="Document.ПриемПациента.Attribute.Диагноз" id="2d31a077-c50e-4281-8116-372d99a93135"/>
			<Metadata name="Document.ПриемПациента.Command.Печать" id="3a81c889-b55b-4ea9-8179-9c6b22729ed7"/>
			<Metadata name="Document.ПриемПациента.Attribute.Рекомендации" id="93b9ba99-d006-4acf-9908-55f16395e349"/>
			<Metadata name="Document.ПриемПациента.TabularSection.Рецепт" id="a1122bd8-5ae1-4729-b3fd-49bd09e21335"/>
			<Metadata name="Document.ПриемПациента.TabularSection.Анализы" id="ad797c08-90f1-4aee-a658-4db368ab5aa3"/>
			<Metadata name="Document.ПриемПациента.TabularSection.Анализы.Attribute.Норма" id="b2724658-93fc-41d7-a23e-2c22fb0f07a2"/>
			<Metadata name="Document.ПриемПациента.Attribute.Пациент" id="b29ee332-ce8c-401b-a961-6bc81f0fe698"/>
			<Metadata name="Document.ПриемПациента.TabularSection.Рецепт.Attribute.Дозировка" id="b35a770b-eabf-43bb-8214-ce5226daa911"/>
			<Metadata name="Document.ПриемПациента.TabularSection.Анализы.Attribute.Наименование" id="cdcd38fc-b0d1-4d9c-9bd5-884622ea5e73"/>
			<Metadata name="Document.ПриемПациента.Attribute.Врач" id="d1369b8f-b687-4dce-ba4f-3eaf6f3874ee"/>
			<Metadata name="Document.ПриемПациента.TabularSection.Рецепт.Attribute.Препарат" id="e000741c-2d65-45a4-a412-ab4ffc8ebf7f"/>
		</Metadata>
		<Metadata name="Document.ПриемПациента.Command.Печать.CommandModule" id="3a81c889-b55b-4ea9-8179-9c6b22729ed7.2" configVersion="ee6a6af1c2975c4585f1b5e61cc9ec6800000000"/>
		<Metadata name="Document.ПриемПациента.Form.ФормаДокумента" id="a2abc0bd-8afe-4b8b-83df-296dbac21a9e" configVersion="24c7c63895312b4b9a37da58e1c8fd3400000000"/>
		<Metadata name="Document.ПриемПациента.Form.ФормаДокумента.Form" id="a2abc0bd-8afe-4b8b-83df-296dbac21a9e.0" configVersion="025285ddad72124e983f8c8898be2cbc00000000"/>
		<Metadata name="Document.ПриемПациента.ManagerModule" id="dbc69141-ee2c-4f9b-a0c9-b1588a1a2d53.2" configVersion="60e84dc095d5c54099a49e6d0ffd53df00000000"/>
		<Metadata name="Document.ПриемПациента.ObjectModule" id="dbc69141-ee2c-4f9b-a0c9-b1588a1a2d53.0" configVersion="90aa064164bee54ead7436fee0bcad6b00000000"/>
		<Metadata name="Document.ПриемПациента.Template.Печать" id="69fb567a-a57d-4cf3-92b7-8dd5642ac7b2" configVersion="bedb03212dfc9a43bb8f0543d44327b800000000"/>
		<Metadata name="Document.ПриемПациента.Template.Печать.Template" id="69fb567a-a57d-4cf3-92b7-8dd5642ac7b2.0" configVersion="3501822cbb4f7c428e7d48a20b35f3d600000000"/>
		<Metadata name="Document.ПриходнаяНакладная" id="fa978ba7-f613-4f5c-94e5-0fbe8608af27" configVersion="c5a63bc3c0fffb4d8da57aeb494efc9200000000">
			<Metadata name="Document.ПриходнаяНакладная.Attribute.ДатаПоставки" id="012ab407-5ae5-4c4e-817f-3ac8c9c22096"/>
			<Metadata name="Document.ПриходнаяНакладная.Attribute.Поставщик" id="0484f466-90f5-4399-8a8b-ab0773099762"/>
			<Metadata name="Document.ПриходнаяНакладная.TabularSection.Материалы.Attribute.Цена" id="48e4d9d2-6474-419b-95f5-d84460cc7684"/>
			<Metadata name="Document.ПриходнаяНакладная.Attribute.Склад" id="7957ea9d-dd66-4f9e-94dc-63d430899646"/>
			<Metadata name="Document.ПриходнаяНакладная.TabularSection.Материалы.Attribute.Количество" id="9436365f-5132-4b7e-80da-4a51bc67b7b9"/>
			<Metadata name="Document.ПриходнаяНакладная.TabularSection.Материалы" id="9a959274-b982-4bb0-9b86-1f17ef25eb4b"/>
			<Metadata name="Document.ПриходнаяНакладная.Command.Печать" id="9dbd7652-3547-4e2e-8c81-ce67670bf175"/>
			<Metadata name="Document.ПриходнаяНакладная.TabularSection.Материалы.Attribute.Сумма" id="b91ba33d-cc5d-4005-9f55-f42ebd3d4608"/>
			<Metadata name="Document.ПриходнаяНакладная.TabularSection.Материалы.Attribute.Характеристика" id="b91ce832-281b-4529-8af6-c75804a77d82"/>
			<Metadata name="Document.ПриходнаяНакладная.TabularSection.Материалы.Attribute.Материал" id="bacb22ed-c41d-48c2-909f-007852b38610"/>
		</Metadata>
		<Metadata name="Document.ПриходнаяНакладная.Command.Печать.CommandModule" id="9dbd7652-3547-4e2e-8c81-ce67670bf175.2" configVersion="be9f87bc78db0a499a87dcd968241d4300000000"/>
		<Metadata name="Document.ПриходнаяНакладная.Form.ФормаДокумента" id="6e4273b8-6f93-4416-bfc4-526524392f0a" configVersion="03dbe92870be30408d1402079e0695d100000000"/>
		<Metadata name="Document.ПриходнаяНакладная.Form.ФормаДокумента.Form" id="6e4273b8-6f93-4416-bfc4-526524392f0a.0" configVersion="88c0450deaa4eb4fb63dcb7c9a08894200000000"/>
		<Metadata name="Document.ПриходнаяНакладная.ManagerModule" id="fa978ba7-f613-4f5c-94e5-0fbe8608af27.2" configVersion="dee78e011bed7b4fbb5c8f449191db8300000000"/>
		<Metadata name="Document.ПриходнаяНакладная.ObjectModule" id="fa978ba7-f613-4f5c-94e5-0fbe8608af27.0" configVersion="fad52d9e59928e49adce8982512d8fc800000000"/>
		<Metadata name="Document.ПриходнаяНакладная.Template.Печать" id="38b9912e-1c14-4e28-8542-1847331304d1" configVersion="980314b90cbf28499a5f87603901bacf00000000"/>
		<Metadata name="Document.ПриходнаяНакладная.Template.Печать.Template" id="38b9912e-1c14-4e28-8542-1847331304d1.0" configVersion="996b8e7aeb0da54f9b493988e308d91200000000"/>
		<Metadata name="Document.РасходнаяНакладная" id="d970a5e5-5909-4722-b2b9-5ba9fb2b9ced" configVersion="003cf3df0cbaae4e89dec7be8ffb69f800000000">
			<Metadata name="Document.РасходнаяНакладная.TabularSection.РасходуемыеМатериалы.Attribute.Количество" id="51cd230f-88fa-4c61-9f91-16f247a4c42f"/>
			<Metadata name="Document.РасходнаяНакладная.Command.Печать" id="57958353-3c95-457f-b320-529b7196aab1"/>
			<Metadata name="Document.РасходнаяНакладная.TabularSection.РасходуемыеМатериалы.Attribute.НазваниеМатериала" id="95c46e04-2475-452c-9bd5-8d6c928c6966"/>
			<Metadata name="Document.РасходнаяНакладная.TabularSection.РасходуемыеМатериалы" id="dc22b4bf-2c06-4738-8da5-a934c3e9fe5c"/>
		</Metadata>
		<Metadata name="Document.РасходнаяНакладная.Command.Печать.CommandModule" id="57958353-3c95-457f-b320-529b7196aab1.2" configVersion="f3b11600f9e0e14e9c37b05a40aacdee00000000"/>
		<Metadata name="Document.РасходнаяНакладная.ManagerModule" id="d970a5e5-5909-4722-b2b9-5ba9fb2b9ced.2" configVersion="c8bddd84dd49f845a9c87884cfc18cd200000000"/>
		<Metadata name="Document.РасходнаяНакладная.ObjectModule" id="d970a5e5-5909-4722-b2b9-5ba9fb2b9ced.0" configVersion="4e96694db7c771468884fcaa69b0590000000000"/>
		<Metadata name="Document.РасходнаяНакладная.Template.Печать" id="101fce1b-c052-4ad9-a96e-e19941069b2e" configVersion="c9bf627e38f5d042a021bbc22099749c00000000"/>
		<Metadata name="Document.РасходнаяНакладная.Template.Печать.Template" id="101fce1b-c052-4ad9-a96e-e19941069b2e.0" configVersion="7d6f70cc5077eb418235fdc8cb6246c900000000"/>
		<Metadata name="Enum.Вид" id="fe0c1b8d-a18b-4512-a883-e44057c31065" configVersion="4a11b08aa8a7fe4c96ef24052e6647c500000000">
			<Metadata name="Enum.Вид.EnumValue.ОМС" id="1a25cdb5-a63a-428a-8331-6a1ffe47d3f5"/>
			<Metadata name="Enum.Вид.EnumValue.Платно" id="72df376b-1e07-46c7-a524-2f8a924c184e"/>
			<Metadata name="Enum.Вид.EnumValue.ДМС" id="d1c8e1f7-0af8-453b-bfa1-1e88ec400eca"/>
		</Metadata>
		<Metadata name="Enum.ВидРаботы" id="9e61e48c-abda-4b12-b735-0978ebb3f888" configVersion="99fe76276ae0114f9956d26a266667eb00000000">
			<Metadata name="Enum.ВидРаботы.EnumValue.Иное" id="a044e313-80e8-43b7-9ea5-d8fee5aba0b8"/>
			<Metadata name="Enum.ВидРаботы.EnumValue.ОперационныеПроцедуры" id="c7f564be-0524-4366-9449-db7d1bec5fa9"/>
			<Metadata name="Enum.ВидРаботы.EnumValue.ПриемПациентов" id="df364f17-db43-4439-a392-775be5cb0642"/>
		</Metadata>
		<Metadata name="Enum.ДниНедели" id="df53a181-921f-45fa-a4d9-339bd3eb7a03" configVersion="ff00fc5d5f089846933db242198d164400000000">
			<Metadata name="Enum.ДниНедели.EnumValue.Среда" id="4e676e30-256b-425e-89bb-eb73f6f57021"/>
			<Metadata name="Enum.ДниНедели.EnumValue.Пятница" id="75c18437-29d4-4fdc-91a8-16cd031781bb"/>
			<Metadata name="Enum.ДниНедели.EnumValue.Суббота" id="81af7f70-5c59-4e51-87d5-631fce330151"/>
			<Metadata name="Enum.ДниНедели.EnumValue.Понедельник" id="83b5fd55-5922-4d72-b450-4423a9122987"/>
			<Metadata name="Enum.ДниНедели.EnumValue.Вторник" id="af68fef6-2ae2-484a-91d7-02f2aa286d9a"/>
			<Metadata name="Enum.ДниНедели.EnumValue.Четверг" id="e6ee3c55-bd5f-4648-b2b0-63cc9610c032"/>
			<Metadata name="Enum.ДниНедели.EnumValue.Воскресенье" id="eb9b68ce-1c9a-4ec9-a56b-d27c7aa4b81a"/>
		</Metadata>
		<Metadata name="Enum.Категория" id="b8ee7f0c-e86c-4a5c-9f42-fedcb4f4b307" configVersion="9e7f5738c906de4ebd6381eee3f67a7400000000">
			<Metadata name="Enum.Категория.EnumValue.ОборудованиеДляРентгенологии" id="5e9e2c66-b8fa-428c-b2d6-84fb6d0c0ae5"/>
			<Metadata name="Enum.Категория.EnumValue.СтоматологическиеИнструменты" id="c556180c-17f3-4fa4-84bd-f5aa0537381a"/>
			<Metadata name="Enum.Категория.EnumValue.Другое" id="e0f7418a-cd7c-43c9-a9e2-b958f889ef5e"/>
			<Metadata name="Enum.Категория.EnumValue.РасходныеМатериалы" id="f76add44-ccf4-48c2-af22-3916f53f88ab"/>
		</Metadata>
		<Metadata name="Enum.Пол" id="17b0138e-1871-4c8b-9824-4c6fe2f832ee" configVersion="f3ab33e707f94145bdd9669b0b7b08d900000000">
			<Metadata name="Enum.Пол.EnumValue.Муж" id="9ae41b7b-3f93-40af-8a4f-56a3c0f51e6c"/>
			<Metadata name="Enum.Пол.EnumValue.Жен" id="9e82bc60-54ed-4661-b499-ce6691cff228"/>
		</Metadata>
		<Metadata name="Enum.СпособОплаты" id="7aa07a7c-03cc-4816-b18d-33cb7efafe17" configVersion="0b9a5635e0982e4794dc57a5e11169ea00000000">
			<Metadata name="Enum.СпособОплаты.EnumValue.Наличные" id="06fc64c9-69ee-40ca-8d00-9cd1ad3ce45d"/>
			<Metadata name="Enum.СпособОплаты.EnumValue.Другое" id="46511a7d-38cf-4b5d-99fa-88643a258269"/>
			<Metadata name="Enum.СпособОплаты.EnumValue.БанковскаяКарта" id="f543f589-21b2-4cac-b998-81916c7ced57"/>
		</Metadata>
		<Metadata name="Enum.СтатусЗаписи" id="39da9499-a0ae-462e-91e7-316e06fe2e4d" configVersion="1c5a39932d69064288e3c03e72588bf800000000">
			<Metadata name="Enum.СтатусЗаписи.EnumValue.Завершено" id="04aa8f06-dba7-42be-9b92-eabe4c944e5c"/>
			<Metadata name="Enum.СтатусЗаписи.EnumValue.Отменено" id="7bb1889a-7a5c-45df-b38e-c0a32ef4424e"/>
			<Metadata name="Enum.СтатусЗаписи.EnumValue.Запланировано" id="dc642c7e-9c2b-4bfb-bd5e-172081811270"/>
		</Metadata>
		<Metadata name="Enum.СтатусОплаты" id="06e48588-7ae7-4bd4-8e0c-39b875c9260c" configVersion="b44406946743b844be100203236e8a3500000000">
			<Metadata name="Enum.СтатусОплаты.EnumValue.ЧастичноОплачено" id="20a7df9d-57de-44fb-abfe-cbf2ff353035"/>
			<Metadata name="Enum.СтатусОплаты.EnumValue.Оплачено" id="49be5760-19c2-4259-a464-a30580a15944"/>
			<Metadata name="Enum.СтатусОплаты.EnumValue.НеОплачено" id="b550b023-f095-434e-8a1e-af21d7ea0a11"/>
		</Metadata>
		<Metadata name="InformationRegister.ИсторияПриемов" id="ca9d962c-a8bf-4b40-aafa-f037624b80c1" configVersion="2035944397403e4a8857900e45b1ae7400000000">
			<Metadata name="InformationRegister.ИсторияПриемов.Dimension.Врач" id="24904954-46ab-44c0-bd55-f1dd7f9f824c"/>
			<Metadata name="InformationRegister.ИсторияПриемов.Dimension.Пациент" id="8033bfb9-db1a-4d38-a31b-f2d0dd603b3e"/>
			<Metadata name="InformationRegister.ИсторияПриемов.Resource.СтоимостьУслуги" id="8c216a44-dc5a-4587-8e00-f04ebe374f5a"/>
			<Metadata name="InformationRegister.ИсторияПриемов.Dimension.ВидУслуги" id="b5e182c8-a418-439a-9621-1f7259f02a74"/>
		</Metadata>
		<Metadata name="InformationRegister.СвойстваНоменклатуры" id="e0aba2b4-0a1a-4364-8857-544d41e2a0be" configVersion="b5f682670367304f90596cfb6c0ca7fa00000000">
			<Metadata name="InformationRegister.СвойстваНоменклатуры.Dimension.Номенклатура" id="4aed9e83-c110-4c3d-a3c5-b1adba28be03"/>
			<Metadata name="InformationRegister.СвойстваНоменклатуры.Resource.ЗначениеСвойства" id="4e649d99-a045-4647-aa1c-807704938648"/>
			<Metadata name="InformationRegister.СвойстваНоменклатуры.Dimension.Свойство" id="aa62f0f1-57ff-41db-9de8-b583e87464ac"/>
		</Metadata>
		<Metadata name="InformationRegister.СвойстваНоменклатуры.Help" id="e0aba2b4-0a1a-4364-8857-544d41e2a0be.0" configVersion="7a4134210bd939479112ff87658cec3e00000000"/>
		<Metadata name="InformationRegister.СвойстваНоменклатуры.ManagerModule" id="e0aba2b4-0a1a-4364-8857-544d41e2a0be.2" configVersion="a7cbc4a3e80130478750e9fc776a87e600000000"/>
		<Metadata name="InformationRegister.СвойстваНоменклатуры.RecordSetModule" id="e0aba2b4-0a1a-4364-8857-544d41e2a0be.1" configVersion="cd099b814c0d6d4fbf9cb6f42e6a337800000000"/>
		<Metadata name="InformationRegister.Цены" id="a84896ff-626e-4896-bc5f-653765c1370a" configVersion="5ff3e5b109bc4a4893475a9ce5e8e32500000000">
			<Metadata name="InformationRegister.Цены.Dimension.ПлатныеУслуги" id="004f1cf0-500a-400b-8861-d7ecc58be7e9"/>
			<Metadata name="InformationRegister.Цены.Resource.Цена" id="4f468d79-0ca2-4345-8c66-eb6bc963db97"/>
		</Metadata>
		<Metadata name="Language.Русский" id="c99f535d-7db9-4244-80fa-61d872c10ec2" configVersion="b387d2e8fd0c6c4f965ebc32ef65626900000000"/>
		<Metadata name="Report.Материалы" id="fd0c03a5-01c6-42ef-b07b-f87ea4e12649" configVersion="acc32d533d3d204b9fe12ce21ff47d1300000000"/>
		<Metadata name="Report.Материалы.Template.ОсновнаяСхемаКомпоновкиДанных" id="9d892dc4-fa31-4a53-8a37-a586458e24a7" configVersion="d7cdcda332fc1d4a914fd3ab2436bf4b00000000"/>
		<Metadata name="Report.Материалы.Template.ОсновнаяСхемаКомпоновкиДанных.Template" id="9d892dc4-fa31-4a53-8a37-a586458e24a7.0" configVersion="55c4f5c8c41b234993e6edaaef6669d400000000"/>
		<Metadata name="Role.Администратор" id="5d9be213-df9d-4373-b733-3b09212898f3" configVersion="5a2b42f3800d9d4fbe3a6d6e33a8b5b400000000"/>
		<Metadata name="Role.Администратор.Rights" id="5d9be213-df9d-4373-b733-3b09212898f3.0" configVersion="aa38ea8dc089184f8ba5905d0a893a8100000000"/>
		<Metadata name="Role.Бухгалтерия" id="3da8d4ff-6cdd-4c79-b4f3-e67ba967f394" configVersion="c22df7ed1d26784a88ad89242e730a8100000000"/>
		<Metadata name="Role.Бухгалтерия.Rights" id="3da8d4ff-6cdd-4c79-b4f3-e67ba967f394.0" configVersion="9197d89509155041b7fba3626228bcd000000000"/>
		<Metadata name="Role.Врач" id="58a29bbc-4589-43df-8a6e-7e386aa0459e" configVersion="6832acafcfb14349bfe38b74b64a00c100000000"/>
		<Metadata name="Role.Врач.Rights" id="58a29bbc-4589-43df-8a6e-7e386aa0459e.0" configVersion="92b95b0a03a49d43970063b6f8b9ad3500000000"/>
		<Metadata name="Role.Регистратура" id="bc141253-f2a6-44e6-a85a-875db5a59453" configVersion="e23cf41150d01547adc7046b7139e0f500000000"/>
		<Metadata name="Role.Регистратура.Rights" id="bc141253-f2a6-44e6-a85a-875db5a59453.0" configVersion="c819aeb54cfbb446ac5bf43a10461c9500000000"/>
		<Metadata name="Subsystem.БухУчет" id="21addc4e-4e0d-489d-a987-8d31aa63213c" configVersion="4e2660219f658345935c893bfe2a533c00000000"/>
		<Metadata name="Subsystem.БухУчет.CommandInterface" id="21addc4e-4e0d-489d-a987-8d31aa63213c.1" configVersion="59ca037c7cd0bc48b5de18abdc15470c00000000"/>
		<Metadata name="Subsystem.Номенклатура" id="c4929b79-4c58-40fa-a63f-aed90fb438a7" configVersion="dc268631a91fa34489be80567772ab5d00000000"/>
		<Metadata name="Subsystem.Номенклатура.CommandInterface" id="c4929b79-4c58-40fa-a63f-aed90fb438a7.1" configVersion="f95333e143ee164ca25ec705384aa08d00000000"/>
		<Metadata name="Subsystem.Пациенты" id="3cec2c4e-158e-4f8b-b82f-6d828f2a17f1" configVersion="50d2741f97a7f649ad3b99a66baaeded00000000"/>
		<Metadata name="Subsystem.Пациенты.CommandInterface" id="3cec2c4e-158e-4f8b-b82f-6d828f2a17f1.1" configVersion="d06583997c90334eb59b85b6d6fbe43500000000"/>
		<Metadata name="Subsystem.Персонал" id="ce440fea-6656-4ad8-9036-28b43689c880" configVersion="f64f6416aa408b498e13789ba9818ddc00000000"/>
		<Metadata name="Subsystem.Персонал.CommandInterface" id="ce440fea-6656-4ad8-9036-28b43689c880.1" configVersion="c5f06b6574e1494a8ea3a098047152de00000000"/>
		<Metadata name="Subsystem.Регистратура" id="c6829fe5-9762-40e8-af9d-9a0fb3045891" configVersion="9b51473fc6d2f6438b49a6d5c3d6e7e700000000"/>
		<Metadata name="Subsystem.Регистратура.CommandInterface" id="c6829fe5-9762-40e8-af9d-9a0fb3045891.1" configVersion="22e52eed41835f4dabfa1eabb8a3943600000000"/>
	</ConfigVersions>
</ConfigDumpInfo>