﻿<?xml version="1.0" encoding="UTF-8"?>
<MetaDataObject xmlns="http://v8.1c.ru/8.3/MDClasses" xmlns:app="http://v8.1c.ru/8.2/managed-application/core" xmlns:cfg="http://v8.1c.ru/8.1/data/enterprise/current-config" xmlns:cmi="http://v8.1c.ru/8.2/managed-application/cmi" xmlns:ent="http://v8.1c.ru/8.1/data/enterprise" xmlns:lf="http://v8.1c.ru/8.2/managed-application/logform" xmlns:style="http://v8.1c.ru/8.1/data/ui/style" xmlns:sys="http://v8.1c.ru/8.1/data/ui/fonts/system" xmlns:v8="http://v8.1c.ru/8.1/data/core" xmlns:v8ui="http://v8.1c.ru/8.1/data/ui" xmlns:web="http://v8.1c.ru/8.1/data/ui/colors/web" xmlns:win="http://v8.1c.ru/8.1/data/ui/colors/windows" xmlns:xen="http://v8.1c.ru/8.3/xcf/enums" xmlns:xpr="http://v8.1c.ru/8.3/xcf/predef" xmlns:xr="http://v8.1c.ru/8.3/xcf/readable" xmlns:xs="http://www.w3.org/2001/XMLSchema" xmlns:xsi="http://www.w3.org/2001/XMLSchema-instance" version="2.16">
	<Catalog uuid="92292b8f-1355-46c8-bf78-945effd5d8fa">
		<InternalInfo>
			<xr:GeneratedType name="CatalogObject.Материалы" category="Object">
				<xr:TypeId>3ce368f2-2b9b-4637-b6d2-6cce0de92837</xr:TypeId>
				<xr:ValueId>d603e66a-6dde-45d1-bedb-92580a33a047</xr:ValueId>
			</xr:GeneratedType>
			<xr:GeneratedType name="CatalogRef.Материалы" category="Ref">
				<xr:TypeId>562aded2-ac67-4122-ba80-e337f2449c33</xr:TypeId>
				<xr:ValueId>5352504e-bb92-4cb5-aaaa-750033dde3a9</xr:ValueId>
			</xr:GeneratedType>
			<xr:GeneratedType name="CatalogSelection.Материалы" category="Selection">
				<xr:TypeId>82a038ea-4ccf-4842-b767-b07074283fcc</xr:TypeId>
				<xr:ValueId>bd8fd04c-8a9e-405b-9ce4-369cf337efbb</xr:ValueId>
			</xr:GeneratedType>
			<xr:GeneratedType name="CatalogList.Материалы" category="List">
				<xr:TypeId>78d288bd-5419-4e55-940d-7ed586046703</xr:TypeId>
				<xr:ValueId>227b7b08-cf9c-494c-8113-e394d36ad1a2</xr:ValueId>
			</xr:GeneratedType>
			<xr:GeneratedType name="CatalogManager.Материалы" category="Manager">
				<xr:TypeId>4ac5ff53-3932-4c16-b240-1210bbe26275</xr:TypeId>
				<xr:ValueId>81cdbf86-e23e-41b3-af37-139d67083601</xr:ValueId>
			</xr:GeneratedType>
		</InternalInfo>
		<Properties>
			<Name>Материалы</Name>
			<Synonym>
				<v8:item>
					<v8:lang>ru</v8:lang>
					<v8:content>Материалы</v8:content>
				</v8:item>
			</Synonym>
			<Comment/>
			<Hierarchical>true</Hierarchical>
			<HierarchyType>HierarchyFoldersAndItems</HierarchyType>
			<LimitLevelCount>false</LimitLevelCount>
			<LevelCount>2</LevelCount>
			<FoldersOnTop>true</FoldersOnTop>
			<UseStandardCommands>true</UseStandardCommands>
			<Owners/>
			<SubordinationUse>ToItems</SubordinationUse>
			<CodeLength>9</CodeLength>
			<DescriptionLength>50</DescriptionLength>
			<CodeType>String</CodeType>
			<CodeAllowedLength>Variable</CodeAllowedLength>
			<CodeSeries>WholeCatalog</CodeSeries>
			<CheckUnique>true</CheckUnique>
			<Autonumbering>true</Autonumbering>
			<DefaultPresentation>AsDescription</DefaultPresentation>
			<Characteristics/>
			<PredefinedDataUpdate>Auto</PredefinedDataUpdate>
			<EditType>InDialog</EditType>
			<QuickChoice>false</QuickChoice>
			<ChoiceMode>BothWays</ChoiceMode>
			<InputByString>
				<xr:Field>Catalog.Материалы.StandardAttribute.Description</xr:Field>
				<xr:Field>Catalog.Материалы.StandardAttribute.Code</xr:Field>
			</InputByString>
			<SearchStringModeOnInputByString>Begin</SearchStringModeOnInputByString>
			<FullTextSearchOnInputByString>DontUse</FullTextSearchOnInputByString>
			<ChoiceDataGetModeOnInputByString>Directly</ChoiceDataGetModeOnInputByString>
			<DefaultObjectForm/>
			<DefaultFolderForm/>
			<DefaultListForm/>
			<DefaultChoiceForm/>
			<DefaultFolderChoiceForm/>
			<AuxiliaryObjectForm/>
			<AuxiliaryFolderForm/>
			<AuxiliaryListForm/>
			<AuxiliaryChoiceForm/>
			<AuxiliaryFolderChoiceForm/>
			<IncludeHelpInContents>false</IncludeHelpInContents>
			<BasedOn/>
			<DataLockFields/>
			<DataLockControlMode>Managed</DataLockControlMode>
			<FullTextSearch>Use</FullTextSearch>
			<ObjectPresentation/>
			<ExtendedObjectPresentation>
				<v8:item>
					<v8:lang>ru</v8:lang>
					<v8:content>Учет материалов</v8:content>
				</v8:item>
			</ExtendedObjectPresentation>
			<ListPresentation/>
			<ExtendedListPresentation/>
			<Explanation/>
			<CreateOnInput>Use</CreateOnInput>
			<ChoiceHistoryOnInput>Auto</ChoiceHistoryOnInput>
			<DataHistory>DontUse</DataHistory>
			<UpdateDataHistoryImmediatelyAfterWrite>false</UpdateDataHistoryImmediatelyAfterWrite>
			<ExecuteAfterWriteDataHistoryVersionProcessing>false</ExecuteAfterWriteDataHistoryVersionProcessing>
		</Properties>
		<ChildObjects/>
	</Catalog>
</MetaDataObject>