﻿<?xml version="1.0" encoding="UTF-8"?>
<MetaDataObject xmlns="http://v8.1c.ru/8.3/MDClasses" xmlns:app="http://v8.1c.ru/8.2/managed-application/core" xmlns:cfg="http://v8.1c.ru/8.1/data/enterprise/current-config" xmlns:cmi="http://v8.1c.ru/8.2/managed-application/cmi" xmlns:ent="http://v8.1c.ru/8.1/data/enterprise" xmlns:lf="http://v8.1c.ru/8.2/managed-application/logform" xmlns:style="http://v8.1c.ru/8.1/data/ui/style" xmlns:sys="http://v8.1c.ru/8.1/data/ui/fonts/system" xmlns:v8="http://v8.1c.ru/8.1/data/core" xmlns:v8ui="http://v8.1c.ru/8.1/data/ui" xmlns:web="http://v8.1c.ru/8.1/data/ui/colors/web" xmlns:win="http://v8.1c.ru/8.1/data/ui/colors/windows" xmlns:xen="http://v8.1c.ru/8.3/xcf/enums" xmlns:xpr="http://v8.1c.ru/8.3/xcf/predef" xmlns:xr="http://v8.1c.ru/8.3/xcf/readable" xmlns:xs="http://www.w3.org/2001/XMLSchema" xmlns:xsi="http://www.w3.org/2001/XMLSchema-instance" version="2.16">
	<Enum uuid="fe0c1b8d-a18b-4512-a883-e44057c31065">
		<InternalInfo>
			<xr:GeneratedType name="EnumRef.Вид" category="Ref">
				<xr:TypeId>3daafa36-cd72-4c19-a1dd-ff7f51bd1ccd</xr:TypeId>
				<xr:ValueId>e7d5a5a4-970d-4151-9752-f5b318a95884</xr:ValueId>
			</xr:GeneratedType>
			<xr:GeneratedType name="EnumManager.Вид" category="Manager">
				<xr:TypeId>1d125fce-7598-4838-8596-daabba65e01d</xr:TypeId>
				<xr:ValueId>4dd56043-1404-4a96-b68c-7a61c3d68ea2</xr:ValueId>
			</xr:GeneratedType>
			<xr:GeneratedType name="EnumList.Вид" category="List">
				<xr:TypeId>95de4395-3413-4728-ba2d-91abd34b5d79</xr:TypeId>
				<xr:ValueId>f67d8457-1b1e-4bc9-9c20-bd9bf37bcb4c</xr:ValueId>
			</xr:GeneratedType>
		</InternalInfo>
		<Properties>
			<Name>Вид</Name>
			<Synonym>
				<v8:item>
					<v8:lang>ru</v8:lang>
					<v8:content>Вид</v8:content>
				</v8:item>
			</Synonym>
			<Comment/>
			<UseStandardCommands>false</UseStandardCommands>
			<Characteristics/>
			<QuickChoice>true</QuickChoice>
			<ChoiceMode>BothWays</ChoiceMode>
			<DefaultListForm/>
			<DefaultChoiceForm/>
			<AuxiliaryListForm/>
			<AuxiliaryChoiceForm/>
			<ListPresentation/>
			<ExtendedListPresentation/>
			<Explanation/>
			<ChoiceHistoryOnInput>Auto</ChoiceHistoryOnInput>
		</Properties>
		<ChildObjects>
			<EnumValue uuid="1a25cdb5-a63a-428a-8331-6a1ffe47d3f5">
				<Properties>
					<Name>ОМС</Name>
					<Synonym>
						<v8:item>
							<v8:lang>ru</v8:lang>
							<v8:content>ОМС</v8:content>
						</v8:item>
					</Synonym>
					<Comment/>
				</Properties>
			</EnumValue>
			<EnumValue uuid="72df376b-1e07-46c7-a524-2f8a924c184e">
				<Properties>
					<Name>Платно</Name>
					<Synonym>
						<v8:item>
							<v8:lang>ru</v8:lang>
							<v8:content>Платно</v8:content>
						</v8:item>
					</Synonym>
					<Comment/>
				</Properties>
			</EnumValue>
			<EnumValue uuid="d1c8e1f7-0af8-453b-bfa1-1e88ec400eca">
				<Properties>
					<Name>ДМС</Name>
					<Synonym>
						<v8:item>
							<v8:lang>ru</v8:lang>
							<v8:content>ДМС</v8:content>
						</v8:item>
					</Synonym>
					<Comment/>
				</Properties>
			</EnumValue>
		</ChildObjects>
	</Enum>
</MetaDataObject>