﻿<?xml version="1.0" encoding="UTF-8"?>
<MetaDataObject xmlns="http://v8.1c.ru/8.3/MDClasses" xmlns:app="http://v8.1c.ru/8.2/managed-application/core" xmlns:cfg="http://v8.1c.ru/8.1/data/enterprise/current-config" xmlns:cmi="http://v8.1c.ru/8.2/managed-application/cmi" xmlns:ent="http://v8.1c.ru/8.1/data/enterprise" xmlns:lf="http://v8.1c.ru/8.2/managed-application/logform" xmlns:style="http://v8.1c.ru/8.1/data/ui/style" xmlns:sys="http://v8.1c.ru/8.1/data/ui/fonts/system" xmlns:v8="http://v8.1c.ru/8.1/data/core" xmlns:v8ui="http://v8.1c.ru/8.1/data/ui" xmlns:web="http://v8.1c.ru/8.1/data/ui/colors/web" xmlns:win="http://v8.1c.ru/8.1/data/ui/colors/windows" xmlns:xen="http://v8.1c.ru/8.3/xcf/enums" xmlns:xpr="http://v8.1c.ru/8.3/xcf/predef" xmlns:xr="http://v8.1c.ru/8.3/xcf/readable" xmlns:xs="http://www.w3.org/2001/XMLSchema" xmlns:xsi="http://www.w3.org/2001/XMLSchema-instance" version="2.16">
	<Enum uuid="df53a181-921f-45fa-a4d9-339bd3eb7a03">
		<InternalInfo>
			<xr:GeneratedType name="EnumRef.ДниНедели" category="Ref">
				<xr:TypeId>1529c57c-a1cf-469f-82ba-72004bee4969</xr:TypeId>
				<xr:ValueId>8426c48b-64e4-47de-a2a6-f44816ef3a88</xr:ValueId>
			</xr:GeneratedType>
			<xr:GeneratedType name="EnumManager.ДниНедели" category="Manager">
				<xr:TypeId>fd8c272f-50a3-4a8d-8b78-137860d17ac5</xr:TypeId>
				<xr:ValueId>107421cf-5349-4a4e-9833-d0a9b52e7273</xr:ValueId>
			</xr:GeneratedType>
			<xr:GeneratedType name="EnumList.ДниНедели" category="List">
				<xr:TypeId>3a9ec989-7258-4462-8fff-7abdd16138eb</xr:TypeId>
				<xr:ValueId>179df3ff-f2ef-4e24-be46-06bdab9c2742</xr:ValueId>
			</xr:GeneratedType>
		</InternalInfo>
		<Properties>
			<Name>ДниНедели</Name>
			<Synonym>
				<v8:item>
					<v8:lang>ru</v8:lang>
					<v8:content>Дни недели</v8:content>
				</v8:item>
			</Synonym>
			<Comment/>
			<UseStandardCommands>false</UseStandardCommands>
			<Characteristics/>
			<QuickChoice>true</QuickChoice>
			<ChoiceMode>BothWays</ChoiceMode>
			<DefaultListForm/>
			<DefaultChoiceForm/>
			<AuxiliaryListForm/>
			<AuxiliaryChoiceForm/>
			<ListPresentation/>
			<ExtendedListPresentation/>
			<Explanation/>
			<ChoiceHistoryOnInput>Auto</ChoiceHistoryOnInput>
		</Properties>
		<ChildObjects>
			<EnumValue uuid="83b5fd55-5922-4d72-b450-4423a9122987">
				<Properties>
					<Name>Понедельник</Name>
					<Synonym>
						<v8:item>
							<v8:lang>ru</v8:lang>
							<v8:content>Понедельник</v8:content>
						</v8:item>
					</Synonym>
					<Comment/>
				</Properties>
			</EnumValue>
			<EnumValue uuid="af68fef6-2ae2-484a-91d7-02f2aa286d9a">
				<Properties>
					<Name>Вторник</Name>
					<Synonym>
						<v8:item>
							<v8:lang>ru</v8:lang>
							<v8:content>Вторник</v8:content>
						</v8:item>
					</Synonym>
					<Comment/>
				</Properties>
			</EnumValue>
			<EnumValue uuid="4e676e30-256b-425e-89bb-eb73f6f57021">
				<Properties>
					<Name>Среда</Name>
					<Synonym>
						<v8:item>
							<v8:lang>ru</v8:lang>
							<v8:content>Среда</v8:content>
						</v8:item>
					</Synonym>
					<Comment/>
				</Properties>
			</EnumValue>
			<EnumValue uuid="e6ee3c55-bd5f-4648-b2b0-63cc9610c032">
				<Properties>
					<Name>Четверг</Name>
					<Synonym>
						<v8:item>
							<v8:lang>ru</v8:lang>
							<v8:content>Четверг</v8:content>
						</v8:item>
					</Synonym>
					<Comment/>
				</Properties>
			</EnumValue>
			<EnumValue uuid="75c18437-29d4-4fdc-91a8-16cd031781bb">
				<Properties>
					<Name>Пятница</Name>
					<Synonym>
						<v8:item>
							<v8:lang>ru</v8:lang>
							<v8:content>Пятница</v8:content>
						</v8:item>
					</Synonym>
					<Comment/>
				</Properties>
			</EnumValue>
			<EnumValue uuid="81af7f70-5c59-4e51-87d5-631fce330151">
				<Properties>
					<Name>Суббота</Name>
					<Synonym>
						<v8:item>
							<v8:lang>ru</v8:lang>
							<v8:content>Суббота</v8:content>
						</v8:item>
					</Synonym>
					<Comment/>
				</Properties>
			</EnumValue>
			<EnumValue uuid="eb9b68ce-1c9a-4ec9-a56b-d27c7aa4b81a">
				<Properties>
					<Name>Воскресенье</Name>
					<Synonym>
						<v8:item>
							<v8:lang>ru</v8:lang>
							<v8:content>Воскресенье</v8:content>
						</v8:item>
					</Synonym>
					<Comment/>
				</Properties>
			</EnumValue>
		</ChildObjects>
	</Enum>
</MetaDataObject>