﻿<?xml version="1.0" encoding="UTF-8"?>
<MetaDataObject xmlns="http://v8.1c.ru/8.3/MDClasses" xmlns:app="http://v8.1c.ru/8.2/managed-application/core" xmlns:cfg="http://v8.1c.ru/8.1/data/enterprise/current-config" xmlns:cmi="http://v8.1c.ru/8.2/managed-application/cmi" xmlns:ent="http://v8.1c.ru/8.1/data/enterprise" xmlns:lf="http://v8.1c.ru/8.2/managed-application/logform" xmlns:style="http://v8.1c.ru/8.1/data/ui/style" xmlns:sys="http://v8.1c.ru/8.1/data/ui/fonts/system" xmlns:v8="http://v8.1c.ru/8.1/data/core" xmlns:v8ui="http://v8.1c.ru/8.1/data/ui" xmlns:web="http://v8.1c.ru/8.1/data/ui/colors/web" xmlns:win="http://v8.1c.ru/8.1/data/ui/colors/windows" xmlns:xen="http://v8.1c.ru/8.3/xcf/enums" xmlns:xpr="http://v8.1c.ru/8.3/xcf/predef" xmlns:xr="http://v8.1c.ru/8.3/xcf/readable" xmlns:xs="http://www.w3.org/2001/XMLSchema" xmlns:xsi="http://www.w3.org/2001/XMLSchema-instance" version="2.16">
	<Enum uuid="b8ee7f0c-e86c-4a5c-9f42-fedcb4f4b307">
		<InternalInfo>
			<xr:GeneratedType name="EnumRef.Категория" category="Ref">
				<xr:TypeId>90a7fab0-860d-46bd-a0aa-ecc5b8eaf5c0</xr:TypeId>
				<xr:ValueId>039d936f-f92c-4e2f-b9aa-743bcbfa156b</xr:ValueId>
			</xr:GeneratedType>
			<xr:GeneratedType name="EnumManager.Категория" category="Manager">
				<xr:TypeId>a4395047-d311-4eb7-8f09-1f362c5c687e</xr:TypeId>
				<xr:ValueId>4a238f0c-209a-45dc-9025-72fd8ac089ae</xr:ValueId>
			</xr:GeneratedType>
			<xr:GeneratedType name="EnumList.Категория" category="List">
				<xr:TypeId>26d53c27-f47c-4e53-b666-fd48846d1245</xr:TypeId>
				<xr:ValueId>0af75f8b-31a9-4ded-82d2-5fa2e2430fc4</xr:ValueId>
			</xr:GeneratedType>
		</InternalInfo>
		<Properties>
			<Name>Категория</Name>
			<Synonym>
				<v8:item>
					<v8:lang>ru</v8:lang>
					<v8:content>Категория</v8:content>
				</v8:item>
			</Synonym>
			<Comment/>
			<UseStandardCommands>false</UseStandardCommands>
			<Characteristics/>
			<QuickChoice>true</QuickChoice>
			<ChoiceMode>BothWays</ChoiceMode>
			<DefaultListForm/>
			<DefaultChoiceForm/>
			<AuxiliaryListForm/>
			<AuxiliaryChoiceForm/>
			<ListPresentation/>
			<ExtendedListPresentation/>
			<Explanation/>
			<ChoiceHistoryOnInput>Auto</ChoiceHistoryOnInput>
		</Properties>
		<ChildObjects>
			<EnumValue uuid="c556180c-17f3-4fa4-84bd-f5aa0537381a">
				<Properties>
					<Name>СтоматологическиеИнструменты</Name>
					<Synonym>
						<v8:item>
							<v8:lang>ru</v8:lang>
							<v8:content>Стоматологические инструменты</v8:content>
						</v8:item>
					</Synonym>
					<Comment/>
				</Properties>
			</EnumValue>
			<EnumValue uuid="f76add44-ccf4-48c2-af22-3916f53f88ab">
				<Properties>
					<Name>РасходныеМатериалы</Name>
					<Synonym>
						<v8:item>
							<v8:lang>ru</v8:lang>
							<v8:content>Расходные материалы</v8:content>
						</v8:item>
					</Synonym>
					<Comment/>
				</Properties>
			</EnumValue>
			<EnumValue uuid="5e9e2c66-b8fa-428c-b2d6-84fb6d0c0ae5">
				<Properties>
					<Name>ОборудованиеДляРентгенологии</Name>
					<Synonym>
						<v8:item>
							<v8:lang>ru</v8:lang>
							<v8:content>Оборудование для рентгенологии</v8:content>
						</v8:item>
					</Synonym>
					<Comment/>
				</Properties>
			</EnumValue>
			<EnumValue uuid="e0f7418a-cd7c-43c9-a9e2-b958f889ef5e">
				<Properties>
					<Name>Другое</Name>
					<Synonym>
						<v8:item>
							<v8:lang>ru</v8:lang>
							<v8:content>Другое</v8:content>
						</v8:item>
					</Synonym>
					<Comment/>
				</Properties>
			</EnumValue>
		</ChildObjects>
	</Enum>
</MetaDataObject>