﻿<?xml version="1.0" encoding="UTF-8"?>
<MetaDataObject xmlns="http://v8.1c.ru/8.3/MDClasses" xmlns:app="http://v8.1c.ru/8.2/managed-application/core" xmlns:cfg="http://v8.1c.ru/8.1/data/enterprise/current-config" xmlns:cmi="http://v8.1c.ru/8.2/managed-application/cmi" xmlns:ent="http://v8.1c.ru/8.1/data/enterprise" xmlns:lf="http://v8.1c.ru/8.2/managed-application/logform" xmlns:style="http://v8.1c.ru/8.1/data/ui/style" xmlns:sys="http://v8.1c.ru/8.1/data/ui/fonts/system" xmlns:v8="http://v8.1c.ru/8.1/data/core" xmlns:v8ui="http://v8.1c.ru/8.1/data/ui" xmlns:web="http://v8.1c.ru/8.1/data/ui/colors/web" xmlns:win="http://v8.1c.ru/8.1/data/ui/colors/windows" xmlns:xen="http://v8.1c.ru/8.3/xcf/enums" xmlns:xpr="http://v8.1c.ru/8.3/xcf/predef" xmlns:xr="http://v8.1c.ru/8.3/xcf/readable" xmlns:xs="http://www.w3.org/2001/XMLSchema" xmlns:xsi="http://www.w3.org/2001/XMLSchema-instance" version="2.16">
	<Enum uuid="7aa07a7c-03cc-4816-b18d-33cb7efafe17">
		<InternalInfo>
			<xr:GeneratedType name="EnumRef.СпособОплаты" category="Ref">
				<xr:TypeId>cffc73fb-6187-42df-95c7-c12f06898e4d</xr:TypeId>
				<xr:ValueId>37b3b6b2-079a-4a58-89da-310ad3ce1c0d</xr:ValueId>
			</xr:GeneratedType>
			<xr:GeneratedType name="EnumManager.СпособОплаты" category="Manager">
				<xr:TypeId>f9845b18-2d3d-44a3-97cc-7e6ba9491647</xr:TypeId>
				<xr:ValueId>7d059e9f-5796-491a-aa3a-dfb0407ad436</xr:ValueId>
			</xr:GeneratedType>
			<xr:GeneratedType name="EnumList.СпособОплаты" category="List">
				<xr:TypeId>02b5bd68-81e2-492d-9861-157840d0e52c</xr:TypeId>
				<xr:ValueId>e096bebf-2e58-441a-b4ad-f312f169e9d2</xr:ValueId>
			</xr:GeneratedType>
		</InternalInfo>
		<Properties>
			<Name>СпособОплаты</Name>
			<Synonym>
				<v8:item>
					<v8:lang>ru</v8:lang>
					<v8:content>Способ оплаты</v8:content>
				</v8:item>
			</Synonym>
			<Comment/>
			<UseStandardCommands>false</UseStandardCommands>
			<Characteristics/>
			<QuickChoice>true</QuickChoice>
			<ChoiceMode>BothWays</ChoiceMode>
			<DefaultListForm/>
			<DefaultChoiceForm/>
			<AuxiliaryListForm/>
			<AuxiliaryChoiceForm/>
			<ListPresentation/>
			<ExtendedListPresentation/>
			<Explanation/>
			<ChoiceHistoryOnInput>Auto</ChoiceHistoryOnInput>
		</Properties>
		<ChildObjects>
			<EnumValue uuid="06fc64c9-69ee-40ca-8d00-9cd1ad3ce45d">
				<Properties>
					<Name>Наличные</Name>
					<Synonym>
						<v8:item>
							<v8:lang>ru</v8:lang>
							<v8:content>Наличные</v8:content>
						</v8:item>
					</Synonym>
					<Comment/>
				</Properties>
			</EnumValue>
			<EnumValue uuid="f543f589-21b2-4cac-b998-81916c7ced57">
				<Properties>
					<Name>БанковскаяКарта</Name>
					<Synonym>
						<v8:item>
							<v8:lang>ru</v8:lang>
							<v8:content>Банковская карта</v8:content>
						</v8:item>
					</Synonym>
					<Comment/>
				</Properties>
			</EnumValue>
			<EnumValue uuid="46511a7d-38cf-4b5d-99fa-88643a258269">
				<Properties>
					<Name>Другое</Name>
					<Synonym>
						<v8:item>
							<v8:lang>ru</v8:lang>
							<v8:content>Другое</v8:content>
						</v8:item>
					</Synonym>
					<Comment/>
				</Properties>
			</EnumValue>
		</ChildObjects>
	</Enum>
</MetaDataObject>