﻿<?xml version="1.0" encoding="UTF-8"?>
<CommandInterface xmlns="http://v8.1c.ru/8.3/xcf/extrnprops" xmlns:xr="http://v8.1c.ru/8.3/xcf/readable" xmlns:xs="http://www.w3.org/2001/XMLSchema" xmlns:xsi="http://www.w3.org/2001/XMLSchema-instance" version="2.16">
	<SubsystemsOrder>
		<Subsystem>Subsystem.Регистратура</Subsystem>
		<Subsystem>Subsystem.Персонал</Subsystem>
		<Subsystem>Subsystem.Пациенты</Subsystem>
		<Subsystem>Subsystem.Номенклатура</Subsystem>
		<Subsystem>Subsystem.БухУчет</Subsystem>
		<Subsystem>8bf33820-03a5-4d03-9b30-eceb006685c7</Subsystem>
		<Subsystem>b0f78ca5-d491-4a86-a6c6-a71b56793f08</Subsystem>
	</SubsystemsOrder>
</CommandInterface>