﻿<?xml version="1.0" encoding="UTF-8"?>
<MetaDataObject xmlns="http://v8.1c.ru/8.3/MDClasses" xmlns:app="http://v8.1c.ru/8.2/managed-application/core" xmlns:cfg="http://v8.1c.ru/8.1/data/enterprise/current-config" xmlns:cmi="http://v8.1c.ru/8.2/managed-application/cmi" xmlns:ent="http://v8.1c.ru/8.1/data/enterprise" xmlns:lf="http://v8.1c.ru/8.2/managed-application/logform" xmlns:style="http://v8.1c.ru/8.1/data/ui/style" xmlns:sys="http://v8.1c.ru/8.1/data/ui/fonts/system" xmlns:v8="http://v8.1c.ru/8.1/data/core" xmlns:v8ui="http://v8.1c.ru/8.1/data/ui" xmlns:web="http://v8.1c.ru/8.1/data/ui/colors/web" xmlns:win="http://v8.1c.ru/8.1/data/ui/colors/windows" xmlns:xen="http://v8.1c.ru/8.3/xcf/enums" xmlns:xpr="http://v8.1c.ru/8.3/xcf/predef" xmlns:xr="http://v8.1c.ru/8.3/xcf/readable" xmlns:xs="http://www.w3.org/2001/XMLSchema" xmlns:xsi="http://www.w3.org/2001/XMLSchema-instance" version="2.16">
	<Subsystem uuid="ce440fea-6656-4ad8-9036-28b43689c880">
		<Properties>
			<Name>Персонал</Name>
			<Synonym>
				<v8:item>
					<v8:lang>ru</v8:lang>
					<v8:content>Персонал</v8:content>
				</v8:item>
			</Synonym>
			<Comment/>
			<IncludeHelpInContents>true</IncludeHelpInContents>
			<IncludeInCommandInterface>true</IncludeInCommandInterface>
			<UseOneCommand>false</UseOneCommand>
			<Explanation/>
			<Picture>
				<xr:Ref>CommonPicture.ОбщаяКартинка5</xr:Ref>
				<xr:LoadTransparent>true</xr:LoadTransparent>
			</Picture>
			<Content>
				<xr:Item xsi:type="xr:MDObjectRef">Catalog.Врачи</xr:Item>
				<xr:Item xsi:type="xr:MDObjectRef">Catalog.Специализации</xr:Item>
				<xr:Item xsi:type="xr:MDObjectRef">Catalog.Диагнозы</xr:Item>
				<xr:Item xsi:type="xr:MDObjectRef">InformationRegister.ИсторияПриемов</xr:Item>
				<xr:Item xsi:type="xr:MDObjectRef">InformationRegister.Цены</xr:Item>
				<xr:Item xsi:type="xr:MDObjectRef">Catalog.ДействующиеВещества</xr:Item>
				<xr:Item xsi:type="xr:MDObjectRef">Catalog.ХарактеристикиНоменклатуры</xr:Item>
				<xr:Item xsi:type="xr:MDObjectRef">Catalog.Анализы</xr:Item>
				<xr:Item xsi:type="xr:MDObjectRef">Catalog.Препараты</xr:Item>
				<xr:Item xsi:type="xr:MDObjectRef">Catalog.МедКарты</xr:Item>
				<xr:Item xsi:type="xr:MDObjectRef">InformationRegister.СвойстваНоменклатуры</xr:Item>
				<xr:Item xsi:type="xr:MDObjectRef">Document.ЗаписьНаПрием</xr:Item>
				<xr:Item xsi:type="xr:MDObjectRef">Document.ПриемПациента</xr:Item>
				<xr:Item xsi:type="xr:MDObjectRef">Document.ПлатныеУслуги</xr:Item>
				<xr:Item xsi:type="xr:MDObjectRef">Catalog.Кабинеты</xr:Item>
				<xr:Item xsi:type="xr:MDObjectRef">Document.ГрафикРаботы</xr:Item>
			</Content>
		</Properties>
		<ChildObjects/>
	</Subsystem>
</MetaDataObject>